spec,estimator,Log(Revenue per Trip),se,p_value,first_stage_stat,adj_r2,nobs
OLS (1),OLS,-0.4607266897960072,0.0066563902796376384,0.0,,0.10195581342571136,331629
OLS (2),OLS,-0.46203425005679843,0.00650702162772415,0.0,,0.10575082438321326,331629
OLS (3),OLS,-0.4489733075301739,0.005377649611139162,0.0,,0.1473316680060739,331629
IV (4),IV,-0.09191277923917678,0.14915069482903437,0.5377354460888784,3454.7540915560603,,331629
IV (5),IV,-0.06466485567680814,0.1505371733874373,0.6675152199821177,3637.888764524596,,331629
IV (6),IV,1.059300641382068,0.14267054725895398,1.1302070390684094e-13,2429.317136727755,,331629
