spec,estimator,Log(Revenue per Trip),se,p_value,first_stage_stat,adj_r2,nobs
OLS (1),OLS,-0.48315158460019925,0.006461741683261915,0.0,,0.10919337853377897,316485
OLS (2),OLS,-0.48560504022704765,0.006247969754642647,0.0,,0.11460827463018908,316485
OLS (3),OLS,-0.4704120144269605,0.0051740404872367435,0.0,,0.15282102265508224,316485
IV (4),IV,-0.3745780563769439,0.14541231615787759,0.00999587375227251,2592.862301413657,,316485
IV (5),IV,-0.45494041580720496,0.14618717379186322,0.0018579896285950692,2753.5638196139557,,316485
IV (6),IV,0.9173416808613042,0.16905135277278727,5.7499311978403966e-08,1570.2130747615727,,316485
