spec,estimator,Log(Revenue per Trip),se,p_value,first_stage_stat,adj_r2,nobs
OLS (1),OLS,-0.48315158460019925,0.006461741683261915,0.0,,0.10919337853377897,316485
OLS (2),OLS,-0.48560504022704765,0.006247969754642647,0.0,,0.11460827463018908,316485
OLS (3),OLS,-0.4704120144269605,0.0051740404872367435,0.0,,0.15282102265508224,316485
IV (4),IV,-0.40709755589980223,0.1475478097016523,0.0057962726056184355,3169.7526475679047,,316485
IV (5),IV,-0.5319269630553087,0.14742485480434814,0.000308420646268015,3106.2826576347516,,316485
IV (6),IV,0.8977874291314698,0.1833199508231461,9.712299331443575e-07,1278.2622540833363,,316485
