spec,estimator,elasticity,se,p_value,first_stage_f,nobs
OLS (1),OLS,-0.480855372551458,0.0071946472842364245,0.0,,327332
OLS (2),OLS,-0.4821490120685473,0.007040560859589125,0.0,,327332
OLS (3),OLS,-0.46768236832861704,0.005782275415543372,0.0,,327332
IV (4),IV,-0.07225042048800251,0.15234941719183318,0.6353276823177181,3420.9274734734327,327332
IV (5),IV,-0.039871905553094,0.15186273108037676,0.7928956886630723,3794.854484218623,327332
IV (6),IV,1.1216547906155605,0.14324730712525316,4.884981308350689e-15,2507.65844218125,327332
