spec,estimator,Log(Revenue per Trip),se,p_value,first_stage_stat,adj_r2,nobs
OLS (1),OLS,-0.4614797150263446,0.006590378554169005,0.0,,0.10266355735049726,334329
OLS (2),OLS,-0.46279939860228886,0.006443770429767633,0.0,,0.10641245317346826,334329
OLS (3),OLS,-0.4506292137853947,0.0053357805785836255,0.0,,0.14660811693483244,334329
IV (4),IV,-0.06634201313606336,0.15089265773088098,0.6601807503777666,3269.272519165664,,334329
IV (5),IV,-0.034429178265968086,0.15188622379261035,0.8206745816124295,3372.665482286976,,334329
IV (6),IV,1.0721335180765754,0.14401520644739654,9.725553695716371e-14,2314.498060513051,,334329
